{
	"cale_galerie":"resurse/imagini/galerie",
	"imagini": [
		{
			"fisier":"briose-frisca.png",
			"descriere":"Brioșe",
			"luni":["martie","februarie","noiembrie","aprilie"]
		},
		{
			"fisier":"clatite.png",
			"descriere":"Clătite cu dulceață",
			"luni":["ianuarie","februarie","iunie"]
			
		},
		{
			"fisier":"gogosi.png",
			"descriere":"Gogoși glazurate",
			"luni":["ianuarie","noiembrie","iunie","martie","aprilie"]
		},
		{
			"fisier":"tort-scortisoara.png",
			"descriere":"Tort cu scorțisoară",
			"luni":["noiembrie","aprilie"]
		},
		{
			"fisier":"prajitura-ciocolata.png",
			"descriere":"Prăjitură cu ciocolată"
		},
		{
			"fisier":"tarta-afine.png",
			"descriere":"Tartă cu afine"
		},
		{
			"fisier":"tort-trandafiri.png",
			"descriere":"Tort special"
		}
	]
}